adult,belongs_to_collection,budget,genres,homepage,id,imdb_id,original_language,original_title,overview,popularity,poster_path,production_companies,production_countries,release_date,revenue,runtime,spoken_languages,status,tagline,title,video,vote_average,vote_count
False,"{'id': 352020, 'name': 'ДухLess (Коллекция)', 'poster_path': '/k6gf56W3MQ1njiUHRJptL2ovv9X.jpg', 'backdrop_path': '/giGpim9NLgS0sL13QUYyTcuhFjF.jpg'}",0,"[{'id': 18, 'name': 'Drama'}]",,327982,tt3136646,ru,ДухLess 2,"Max Andreev thought the best place to start a new life would be at the other end of the world. What he didn't know, is that you can't outrun your past.",1.369751,/8qTuXACD0JxOVq2tLap9HCSNf1k.jpg,"[{'name': 'Art Pictures Studio', 'id': 3451}, {'name': 'Kinoslovo', 'id': 21179}]","[{'iso_3166_1': 'RU', 'name': 'Russia'}]",2015-03-05,0,0.0,"[{'iso_639_1': 'ru', 'name': 'Pусский'}]",Released,,Soulless 2,False,4.4,11
False,,0,"[{'id': 878, 'name': 'Science Fiction'}, {'id': 53, 'name': 'Thriller'}]",,301876,tt0174446,en,30 Years to Life,,0.039591,/kBTaeHeOmRn1WP2IOgtky5NUCF1.jpg,[],"[{'iso_3166_1': 'US', 'name': 'United States of America'}, {'iso_3166_1': 'CA', 'name': 'Canada'}, {'iso_3166_1': 'LU', 'name': 'Luxembourg'}]",1998-01-01,0,,"[{'iso_639_1': 'en', 'name': 'English'}, {'iso_639_1': 'fr', 'name': 'Français'}]",Released,,30 Years to Life,False,5.0,1
False,,0,"[{'id': 18, 'name': 'Drama'}]",https://www.youtube.com/watch?v=9mbp0DugfCA,384160,tt5424972,en,How to Lose Weight in 4 Easy Steps!,Losing weight and getting fit has never been easier! Shed those unwanted pounds with these simple tricks your gym doesn't want you to know about. You won't believe what happens next!,0.098052,/8AtgP6RdrzEVqwsGUCNI9K6jiHB.jpg,[],"[{'iso_3166_1': 'US', 'name': 'United States of America'}]",2016-01-16,0,7.0,"[{'iso_639_1': 'en', 'name': 'English'}]",Released,,How to Lose Weight in 4 Easy Steps!,False,7.0,1
False,,0,"[{'id': 18, 'name': 'Drama'}]",http://www.southofpico.com,50662,tt0478273,en,South Of Pico,"\"\"\"South of Pico\"\" is an emotionally charged drama in which four strangers witness an unimaginable tragedy and are catapulted into the defining moment of their lives. Set in present day Los Angeles",a chauffeur,a waitress,a doctor and a young boy each deal with life's daily challenges,"only to find themselves at the scene of an accident the moment it happens.\"",0.014623,/zRFTYSAlc0FiZKdLTHFdJpS1UHv.jpg,[],[],2007-10-25,0,84.0,"[{'iso_639_1': 'en', 'name': 'English'}]",Released,
False,,0,"[{'id': 53, 'name': 'Thriller'}, {'id': 18, 'name': 'Drama'}]",,387805,tt5979312,es,7:19,"At 7:19 a.m., on September 19th of 1985, the most destructive earthquake hit Mexico's City. Inside what's left of a building, a group of survivors fight for their lives waiting for rescue.",1.148379,/7vhjD2FmBUrnEWyKRb1LI0XCRz.jpg,"[{'name': 'Alameda Films', 'id': 300}, {'name': 'Alebrije Cine y Video', 'id': 12487}, {'name': 'Zamora Films', 'id': 58878}, {'name': 'Velarium Arts', 'id': 80028}]","[{'iso_3166_1': 'MX', 'name': 'Mexico'}]",2016-09-16,0,0.0,"[{'iso_639_1': 'es', 'name': 'Español'}]",Released,,7:19,False,6.7,7
False,,0,"[{'id': 16, 'name': 'Animation'}, {'id': 35, 'name': 'Comedy'}, {'id': 878, 'name': 'Science Fiction'}]",,67409,tt0045709,en,Duck Dodgers in the 24½th Century,Space hero Daffy battles Marvin the Martian for control of Planet X.,1.859834,/l1CQTtfH4pcZ8TpmTMdI3VTfagN.jpg,"[{'name': 'Warner Bros.', 'id': 6194}]","[{'iso_3166_1': 'US', 'name': 'United States of America'}]",1953-07-25,0,7.0,"[{'iso_639_1': 'en', 'name': 'English'}, {'iso_639_1': 'fr', 'name': 'Français'}]",Released,,Duck Dodgers in the 24½th Century,False,7.7,36
False,,0,"[{'id': 16, 'name': 'Animation'}]",,34933,tt0045585,en,Bully for Bugs,"\"Bugs Bunny once again making that \"\"wrong turn at Albuquerque\"\" burrows into a bullring",where a magnificent bull is making short work of a toreador. The bull bucks Bugs out of the arena,"prompting the bunny to declare \"\"Of course you realize","this means war!\"\" The deft Bugs' arsenal comes plenty packed",as he uses anvils,well-placed face slaps and the bull's horns as a slingshot. The bull fights back,using his horns as a shotgun barrel. The bull's comeback is short-lived; just after Bugs makes out his will,he lures the bull out of the arena,"just in time to set up a rube-like device that leads to the bull's defeat.\"",2.238992,/lqLENKX6DKPyubKrlwhwj0jqYeJ.jpg,"[{'name': 'Warner Bros.', 'id': 6194}]","[{'iso_3166_1': 'US', 'name': 'United States of America'}]",1953-08-08,0
False,,0,"[{'id': 10749, 'name': 'Romance'}, {'id': 18, 'name': 'Drama'}]",,48929,tt0048613,hi,Shree 420,"Wearing torn Japanese shoes, English trousers, a red Russian cap, and a Hindustani heart, orphaned Ranbir Raj comes to Bombay to make his fortune. He pawns his gold medal, gambles with the money, loses everything, & the balance is pick-pocketed. He ends up on the beach, meets with Vidya Shastri, a teacher who runs a private school, and both fall in love. Ranbir gets a job in a laundry. When he goes to deliver some clothes to Maya, she notices that he has a way with cards, gets him to accompany her to a casino of sorts, where he wins Rs.20000/-, which unfortunately is pocketed by Maya. Then a rich industrialist, Sonanand Dharmachand, approaches Ranbir, hires him to work for him, and soon Ranbir is on his way to a wealthy life. Vidya gets a first hand look at this wealthy life, and decides to break up with him. Sonachand teaches Ranbir that in order to make money one must never discriminate between the rich and poor...",0.529872,/kZuoSBMJzkl9cQ6OPQpqqkTjf4W.jpg,"[{'name': 'R.K. Films Ltd.', 'id': 5307}]","[{'iso_3166_1': 'IN', 'name': 'India'}]",1955-01-07,0,168.0,"[{'iso_639_1': 'hi', 'name': 'हिन्दी'}]",Released,,Shree 420,False,9.0,3
False,,0,"[{'id': 10749, 'name': 'Romance'}, {'id': 35, 'name': 'Comedy'}]",,179235,tt0000313,en,Let Me Dream Again,"\"Possibly the first use of the camera technique of \"\"focus pulling",in which an image (the man shown kissing a beautiful woman) blurs and dissolves into a clear image (the man shown kissing his less-attractive wife),which is meant to show someone experiencing a dream or fantasy,"then being brought about to reality.\"",0.462651,/wxiAG0QucuWTSHZkvODTOpdkHZA.jpg,"[{'name': 'George Albert Smith Films', 'id': 11483}]","[{'iso_3166_1': 'GB', 'name': 'United Kingdom'}]",1900-08-01,0,1.0,"[{'iso_639_1': 'xx', 'name': 'No Language'}]",Released,,Let Me Dream Again
False,,0,[],,237156,tt0152617,en,Stupidstitious Cat,"\"A very stupid and superstitious cat awakens and goes through his usual gyrations of ensuring he will not have an unlucky day, making sure he get out of the right side of the bed and other rituals, and then starts his search for breakfast. He captures Buzzy the Crow, places him between two slices of bread and prepares to eat him. But Buzzy, smarter than the average crow since he is a cartoon parody of Eddie Anderson's \"\"Rochester\"\" character",has no intentions of being a cat's sandwich breakfast,knows the cat is superstitious and causes the cat to spill the salt,knowing the cat will have to release him in order to throw some salt over his shoulder. This goes on for a while as Buzzy calls the cat's attention to something that has to be counter-acted by the cat. And,"just as the cat seems to have Buzzy about to become a lunch---they carried on all the way through brunch---the cat flees in terror as he sees a fellow cat---black in color---about to cross his path.\"",0.079688,,[],[],1947-04-24,0,0.0,[],Released,
False,,0,[],,232137,tt0918623,en,"Annual Baby Parade, 1904, Asbury Park, N.J.","Baby Parade at Asbury Park, N.J., in 1904.",0.001177,,[],[],1904-09-01,0,6.0,[],Released,,"Annual Baby Parade, 1904, Asbury Park, N.J.",False,0.0,0
False,,8500000,"[{'id': 28, 'name': 'Action'}, {'id': 18, 'name': 'Drama'}]",,14570,tt0089243,en,Gymkata,"\"Johnathan Cabot is a champion gymnast. In the tiny, yet savage, country of Parmistan, there is a perfect spot for a \"\"star wars\"\" site. For the US to get this site","they must compete in the brutal \"\"Game\"\". The government calls on Cabot",the son of a former operative,"to win the game. Cabot must combine his gymnastics skills of the west with fighting secrets of the east and form GYMKATA!\"",1.542843,/nTuoRF1nDINOIWotNUmdKmIBPEF.jpg,"[{'name': 'Metro-Goldwyn-Mayer (MGM)', 'id': 8411}]","[{'iso_3166_1': 'US', 'name': 'United States of America'}, {'iso_3166_1': 'JP', 'name': 'Japan'}]",1985-05-03,5730596,90.0,"[{'iso_639_1': 'en', 'name': 'English'}]",Released,"The skill of gymnastics, the kill of karate.",Gymkata
False,,0,"[{'id': 27, 'name': 'Horror'}]",,354534,tt4887842,en,The Invoking 2,"\"\"\"Although hundreds of disturbing paranormal events occur every year",most of these chilling encounters go unreported - until now. Bear witness as hapless victims experience the unspeakable terror of confronting demonic forces,murderous poltergeists and other evil entities that are dead set on claiming their souls. Descend into an abyss of waking nightmares as these bloodthirsty,"malevolent spirits seek to possess their prey and drag them-kicking and screaming-down to hell.\"\"\"",1.434069,/8r4PNQDZ0QY8I0hSqQU5ZAt7SY1.jpg,"[{'name': 'Ruthless Pictures', 'id': 17840}, {'name': 'RLJ Entertainment', 'id': 43808}]","[{'iso_3166_1': 'US', 'name': 'United States of America'}]",2015-10-06,0,83.0,"[{'iso_639_1': 'en', 'name': 'English'}]",Released,The Dead Never Rest,The Invoking 2
False,,0,"[{'id': 99, 'name': 'Documentary'}]",,49491,tt0252802,en,101 Rent Boys,"Paid 50 dollars for their time, 101 male prostitutes -- spanning all ages, ethnicities, and personal backgrounds -- are questioned by the filmmakers about their lives.",0.084178,/gYirwfA1zSpmrnakxs2TOrW6en2.jpg,[],"[{'iso_3166_1': 'US', 'name': 'United States of America'}]",2000-06-07,0,78.0,"[{'iso_639_1': 'en', 'name': 'English'}]",Released,,101 Rent Boys,False,7.0,2
False,,0,"[{'id': 27, 'name': 'Horror'}]",http://beckyandjoes.com/dont-hug-me-im-scared-5/,368051,tt5114650,en,Don't Hug Me I'm Scared 5,The puppets learn about eating healthy.,0.405664,/5q6N61pOhxUFhGRJrgkJ8vsiBk3.jpg,"[{'name': 'This is It Collective', 'id': 50104}]","[{'iso_3166_1': 'GB', 'name': 'United Kingdom'}]",2015-10-14,0,6.0,"[{'iso_639_1': 'en', 'name': 'English'}]",Released,The food is talking.,Don't Hug Me I'm Scared 5,False,6.6,8
False,,0,"[{'id': 18, 'name': 'Drama'}, {'id': 878, 'name': 'Science Fiction'}, {'id': 10749, 'name': 'Romance'}]",,437311,tt3469798,es,Órbita 9,A girl discovers that the reality of her life isn't as she believes.,9.677001,/77XZdVMnUAlQtYWiDetX1k37L9K.jpg,"[{'name': 'Mono Film', 'id': 5562}, {'name': 'Dynamo', 'id': 7062}, {'name': 'Telefónica Studios', 'id': 29564}, {'name': 'Cactus Flower Producciones', 'id': 44210}]","[{'iso_3166_1': 'ES', 'name': 'Spain'}]",2017-04-07,0,95.0,"[{'iso_639_1': 'es', 'name': 'Español'}]",Released,Love will set you free,Orbiter 9,False,5.5,24
False,"{'id': 34055, 'name': 'Pokémon Collection', 'poster_path': '/j5te0YNZAMXDBnsqTUDKIBEt8iu.jpg', 'backdrop_path': '/iGoYKA0TFfgSoZpG2u5viTJMGfK.jpg'}",16000000,"[{'id': 12, 'name': 'Adventure'}, {'id': 14, 'name': 'Fantasy'}, {'id': 16, 'name': 'Animation'}, {'id': 28, 'name': 'Action'}, {'id': 10751, 'name': 'Family'}]",http://movies.warnerbros.com/pk3/,10991,tt0235679,ja,Pokémon 3: The Movie,"When Molly Hale's sadness of her father's disappearance get to her, she unknowingly uses the Unown to create her own dream world along with Entei, who she believes to be her father. When Entei kidnaps Ash's mom, Ash along with Misty & Brock invade the mansion looking for his mom and trying to stop the mysteries of Molly's Dream World and Entei!",6.480376,/5ILjS6XB5deiHop8SXPsYxXWVPE.jpg,"\"[{'name': 'TV Tokyo', 'id': 3034}, {'name': '4 Kids Entertainment', 'id': 3035}, {'name': 'Nintendo', 'id': 12288}, {'name': 'Pikachu Project', 'id': 12653}, {'name': 'Oriental Light and Magic (OLM)', 'id': 66289}, {'name': \"\"Kids' WB\"\"",'id': 89163},{'name': 'Pikachu Project 2001','id': 89164},{'name': 'Shoakuken',"'id': 89165}]\"","[{'iso_3166_1': 'JP', 'name': 'Japan'}]",2000-07-08,68411275,93.0,"[{'iso_639_1': 'en', 'name': 'English'}]",Released
False,"{'id': 97445, 'name': 'Air Bud Collection', 'poster_path': '/6uJ2GXA5kBskJx6emTuHyp2S3ww.jpg', 'backdrop_path': '/3iROV2GdrAFz6lbrGneQLt8lc7K.jpg'}",0,"[{'id': 35, 'name': 'Comedy'}, {'id': 18, 'name': 'Drama'}, {'id': 10751, 'name': 'Family'}]",,20755,tt0161220,en,Air Bud 3: World Pup,"In this second heartwarming and hilarious sequel to the popular favorite, Air Bud masters two new starring roles: soccer (real football) player and fatherhood. Loaded with laughs and cool soccer action, Buddy teams up alongside U.S. women's soccer greats.",7.584444,/vELV96fYh44AhwtYkcPGJxhrqet.jpg,[],"[{'iso_3166_1': 'US', 'name': 'United States of America'}, {'iso_3166_1': 'CA', 'name': 'Canada'}]",2001-06-29,0,83.0,"[{'iso_639_1': 'en', 'name': 'English'}]",Released,,Air Bud 3: World Pup,False,4.5,35
False,"{'id': 34055, 'name': 'Pokémon Collection', 'poster_path': '/j5te0YNZAMXDBnsqTUDKIBEt8iu.jpg', 'backdrop_path': '/iGoYKA0TFfgSoZpG2u5viTJMGfK.jpg'}",0,"[{'id': 12, 'name': 'Adventure'}, {'id': 14, 'name': 'Fantasy'}, {'id': 16, 'name': 'Animation'}, {'id': 878, 'name': 'Science Fiction'}, {'id': 10751, 'name': 'Family'}]",http://www.pokemon.com/us/movies/movie-pokemon-4ever-2002/,12600,tt0287635,ja,劇場版ポケットモンスター セレビィ 時を越えた遭遇（であい）,"All your favorite Pokémon characters are back, and are joined for the first time by the legendary Pokémon Celebi and Suicune, in this latest exciting Pokémon adventure! In order to escape a greedy Pokémon hunter, Celebi must use the last of its energy to travel through time to the present day. Celebi brings along Sammy, a boy who had been trying to protect it. Along with Ash, Pikachu, and the rest of the gang, Sammy and Celebi encounter an enemy far more advanced than the hunter left behind in the past. This new enemy possesses a Pokéball called a “Dark Ball,” which transforms the Pokémon it captures into evil and far stronger creatures. When Celebi is captured, the fate of the entire forest is threatened. Let POKÉMON 4EVER transport you to a world of adventure as Ash, Suicune and the rest take action to save the day!",6.080108,/bqL0PVHbQ8Jmw3Njcl38kW0CoeM.jpg,[],"[{'iso_3166_1': 'JP', 'name': 'Japan'}, {'iso_3166_1': 'US', 'name': 'United States of America'}]",2001-07-06,28023563,75.0,"[{'iso_639_1': 'ja', 'name': '日本語'}]",Released,,Pokémon 4Ever: Celebi - Voice of the Forest,False,5.7,82
False,"{'id': 315091, 'name': 'Что Творят мужчины! (Коллекция)', 'poster_path': None, 'backdrop_path': None}",2000000,"[{'id': 35, 'name': 'Comedy'}]",,314952,tt4393278,ru,Что творят мужчины! 2,Four friends from the first movie are back in the saddle. This time they're not only returning to the big sex world but also helping the state on the important mission.,1.48559,/bjrxYgVgTQFDpRhxH4DvJSpTyyY.jpg,"[{'name': 'Enjoy Movies', 'id': 9340}]","[{'iso_3166_1': 'RU', 'name': 'Russia'}]",2015-01-01,0,90.0,"[{'iso_639_1': 'ru', 'name': 'Pусский'}]",Released,,What Men Do! 2,False,2.2,5
False,"{'id': 107465, 'name': 'Six Degrees of Celebration Collection', 'poster_path': '/5R04hB4dqWc85sgiZd0lmvKuzb1.jpg', 'backdrop_path': '/6pYccSVUe9sWdmfJ6l92oGbZrnf.jpg'}",0,"[{'id': 35, 'name': 'Comedy'}]",,313556,tt3877844,ru,Ёлки 1914,"100 years ago, the Russian Empire ... Christmas Eve. December plugs, holiday celebrations, balls and modest luxury holidays, titled nobles and ordinary peasants, the royal family and the soldiers of the First World War, progressive poets and the first skaters - everything was different, except ... the holiday. People prepared, lived, believed dreaming and waiting for this miracle - Christmas!",1.361724,/ewfqDT1F3MDTKIG4ONvRwktPpFV.jpg,"[{'name': 'Bazelevs Production', 'id': 1038}]","[{'iso_3166_1': 'RU', 'name': 'Russia'}]",2014-12-25,0,0.0,"[{'iso_639_1': 'ru', 'name': 'Pусский'}]",Released,"\"\"\"There are Christmas trees there was 100 years\"\"\"",Six Degrees of Celebration 1914,False,3.8,4
False,"{'id': 107465, 'name': 'Six Degrees of Celebration Collection', 'poster_path': '/5R04hB4dqWc85sgiZd0lmvKuzb1.jpg', 'backdrop_path': '/6pYccSVUe9sWdmfJ6l92oGbZrnf.jpg'}",0,"[{'id': 35, 'name': 'Comedy'}]",,248747,tt3121434,ru,Yolki 3,"\"And again a heroes of \"\"Yolki\"\" series are ready and prepared for a New Year.\"",1.062573,/q8VFEJF3U3U5BR8PAqBQpzSioAi.jpg,"[{'name': 'Bazelevs Production', 'id': 1038}]","[{'iso_3166_1': 'RU', 'name': 'Russia'}]",2013-12-26,0,97.0,"[{'iso_639_1': 'ru', 'name': 'Pусский'}]",Released,,Six Degrees of Celebration 3,False,6.3,11
False,"{'id': 107478, 'name': 'Lovey-Dovey Collection', 'poster_path': '/mK5wNi1Ypvxs5MLtoBcw6MU361w.jpg', 'backdrop_path': '/c7OmvidYMcfVBMFUXxyuqppXjUr.jpg'}",4000000,"[{'id': 35, 'name': 'Comedy'}, {'id': 14, 'name': 'Fantasy'}]",,60189,tt1666169,ru,Любовь-морковь 3,"\"In third part of \"\"Lovey-Dovey\"\" Andrey and Marina are exchanging bodies again - but this time with their parents in law.\"",1.174113,/rWqZPdzjigjpcqGCxRkxocrvx2E.jpg,[],"[{'iso_3166_1': 'RU', 'name': 'Russia'}]",2011-03-03,0,94.0,"[{'iso_639_1': 'ru', 'name': 'Pусский'}]",Released,,Lovey-Dovey 3,False,3.9,7
False,,0,"[{'id': 80, 'name': 'Crime'}, {'id': 28, 'name': 'Action'}, {'id': 53, 'name': 'Thriller'}]",,68623,tt0214555,cn,Baau lit ying ging,"\"Plainclothes policemen Brian and Mike use an elderly woman's apartment for surveillance, hoping to catch a fugitive gangster. They develop a warm relationship with their hostess, whom they call \"\"granny.\"\" Meanwhile",each man develops a romantic relationship: Brian with a strange wandering teenage girl,and Mike with a pregnant woman at the dry cleaning shop. When the gangster returns to his flat,"Brian and Mike are forced into an explosive confrontation.\"",0.16453,/4O3AdlsYZOfKRJDfohLXjqS15Ez.jpg,[],"[{'iso_3166_1': 'HK', 'name': 'Hong Kong'}]",1999-08-05,0,92.0,"[{'iso_639_1': 'cn', 'name': '广州话 / 廣州話'}]",Released,,Bullets Over Summer
False,,0,"[{'id': 18, 'name': 'Drama'}, {'id': 10749, 'name': 'Romance'}]",http://level33entertainment.com/1_Night.html,416691,tt4126694,en,1 Night,"Thirty-something Elizabeth must decide whether to salvage her disappointing relationship with Drew. Meanwhile, Bea, a worrisome teenager, reconnects with her introverted childhood friend, Andy, at their high school prom. Past and present collide as two couples explore love over the course of one night at a hotel.",2.491879,/eQwbs4KhQMfVTPLPJnM5gTSZ5NL.jpg,"[{'name': 'Sorrento Productions', 'id': 74954}, {'name': 'Meridian Content', 'id': 82475}, {'name': 'Canosa Productions', 'id': 86407}]","[{'iso_3166_1': 'US', 'name': 'United States of America'}]",2017-02-10,0,76.0,"[{'iso_639_1': 'en', 'name': 'English'}]",Released,Love can happen at any time.,1 Night,False,6.2,30
False,,0,"[{'id': 99, 'name': 'Documentary'}]",,184363,tt0015977,ru,Кино-Правда No 21,"Film made to commemorate the first anniversary of the death of Vladimir Ilich Lenin (21st January 1924 - 1925) drawn from 'The Final Journey' [Poslednii reis], a Pravda feuilleton written on the occasion of Lenin's funeral, by the man who had introduced Vertov to cinema, Mikhail Koltsov.",0.11545,/ca64BtpIU9cfCKzoM4sPEiwE2ZF.jpg,"[{'name': 'Kultkino', 'id': 75167}]","[{'iso_3166_1': 'SU', 'name': 'Soviet Union'}]",1925-01-22,0,23.0,"[{'iso_639_1': 'xx', 'name': 'No Language'}]",Released,,Kino-pravda no. 21 - Lenin Kino-Pravda. A Film Poem about Lenin,False,6.0,2
False,,0,"[{'id': 18, 'name': 'Drama'}]",,149723,tt0882809,ja,手紙,"\"How have you been? Takeshi's letter is delivered one each month to his younger brother, Naoki. Takeshi is serving a life term in prison for the crime that he had committed to save his brother. But the crime's aftereffect extends to Naoki, and, branded as a \"\"murderer's brother","\"\" Naoki is deprived of his love",career and dream. His desperate situation gradually changes when he finds true love with Yumiko,who always stands by him. To protect the love that he has finally found,Naoki begins writing a letter to Takeshi... The touching story of a man who was powerless against his irreversible fate,"but still tried to overcome it in the quest for his dream.\"",0.442975,/cYDlU6mDAO5ObaNrBXiTjtDQaII.jpg,"[{'name': 'GAGA', 'id': 3656}]","[{'iso_3166_1': 'JP', 'name': 'Japan'}]",2006-11-03,0,121.0,"[{'iso_639_1': 'ja', 'name': '日本語'}]",Released
False,"{'id': 196753, 'name': 'Ghost in the Shell: Arise', 'poster_path': '/zaN0EZ4f1b2jCtDj7mpVhPH9C9K.jpg', 'backdrop_path': '/18WkPWaXZICbwjJ4VojlwbBYq6D.jpg'}",0,"[{'id': 28, 'name': 'Action'}, {'id': 16, 'name': 'Animation'}, {'id': 878, 'name': 'Science Fiction'}]",,381519,tt5973984,ja,攻殻機動隊ＡＲＩＳＥ PYROPHORIC CULT,"Motoko and her squad are finally getting closer to Fire-Starter's broker, but things get tense when they're instructed to take a backseat role on a sting op.  Part five of the OVA series, containing the materials developed for Alternative Architecture's final two episodes.",2.056319,/mHWmiWYZwid0sFpjAn7CXPQ4Yvz.jpg,"[{'name': 'Bandai Visual Company', 'id': 528}, {'name': 'Production I.G', 'id': 5781}, {'name': 'Toho', 'id': 5897}, {'name': 'Dentsu', 'id': 6452}, {'name': 'Kodansha', 'id': 6999}]","[{'iso_3166_1': 'JP', 'name': 'Japan'}]",2015-08-26,0,46.0,"[{'iso_639_1': 'ja', 'name': '日本語'}]",Released,,Ghost in the Shell Arise - Border 5: Pyrophoric Cult,False,7.6,9
False,,0,"[{'id': 18, 'name': 'Drama'}, {'id': 10751, 'name': 'Family'}]",,438634,tt5897636,ca,Estiu 1993,"After her mother's death, six-year-old Frida is sent to her uncle's family to live with them in the countryside. But Frida finds it hard to forget her mother and adapt to her new life.",0.60926,/vcuMFiRL1UDGVkaGKa95Wn6WBwG.jpg,"[{'name': 'Avalon P.C.', 'id': 26174}, {'name': 'Inicia Films', 'id': 63364}]","[{'iso_3166_1': 'ES', 'name': 'Spain'}]",2017-06-30,0,96.0,"[{'iso_639_1': 'ca', 'name': 'Català'}]",Released,A new family. A new world.,Summer 1993,False,6.0,9
False,,0,"[{'id': 53, 'name': 'Thriller'}]",,459928,tt5143226,en,12 Feet Deep,"Inspired by true events, two sisters are trapped under the fiberglass cover of an Olympic sized public pool and must brave the cold and each other to survive the harrowing night.",4.479536,/3B4MLYYr5WTjQiJMbA8fCFF8M4O.jpg,"[{'name': 'Citizen Skull Productions', 'id': 90970}]","[{'iso_3166_1': 'US', 'name': 'United States of America'}]",2016-01-01,0,85.0,"[{'iso_639_1': 'en', 'name': 'English'}]",Released,"100,000 gallons of water. 50 meters wide. No. Way. Out.",12 Feet Deep,False,5.1,62
False,,0,"[{'id': 18, 'name': 'Drama'}, {'id': 53, 'name': 'Thriller'}]",,269795,tt1131724,en,2:22,"A man's life is derailed when an ominous pattern of events repeats itself in exactly the same manner every day, ending at precisely 2:22 p.m.",37.484577,/aQkXOiMi7yBR3XwDbGBzDI2Tqnq.jpg,"[{'name': 'Pandemonium', 'id': 8915}, {'name': 'Lightstream Entertainment', 'id': 69756}]","[{'iso_3166_1': 'AU', 'name': 'Australia'}, {'iso_3166_1': 'US', 'name': 'United States of America'}]",2017-06-29,422,99.0,"[{'iso_639_1': 'en', 'name': 'English'}]",Released,,2:22,False,5.5,277
False,,0,[],,175910,tt0348816,en,7 Days in September,A documentary about behind the scenes and what was going on in the streets of NY during and 7days after 9/11.,0.040398,/3uauCS7Ows759M0NEyDeOPKeIfX.jpg,[],[],2002-09-06,0,94.0,[],Released,Documentary,7 Days in September,False,8.0,1
False,,0,"[{'id': 878, 'name': 'Science Fiction'}, {'id': 53, 'name': 'Thriller'}, {'id': 18, 'name': 'Drama'}, {'id': 28, 'name': 'Action'}]",,32228,tt0386907,en,5ive Days to Midnight,A physicist discovers a briefcase containing postdated documents and evidence which indicate he will die five days in the future.,1.05306,/2WDgSHRp7UObXuWW8DB8ZaAugBb.jpg,[],"[{'iso_3166_1': 'CA', 'name': 'Canada'}, {'iso_3166_1': 'US', 'name': 'United States of America'}]",2004-01-01,0,210.0,"[{'iso_639_1': 'en', 'name': 'English'}]",Released,,5ive Days to Midnight,False,6.8,18
False,,0,"[{'id': 18, 'name': 'Drama'}]",,399823,tt0241230,el,"Byron, i balada enos daimonismenou",Poet Lord Byron decides to fight with the Greek revolutionaries in Missolonghi against the Turks but instead the glorious battle wrestles with fever and his own demons.,0.006807,/3WmgSYa5p8TJVrdHq80ksFwbVJg.jpg,"\"[{'name': 'Greek Film Center', 'id': 7254}, {'name': 'Greek Television ET-1', 'id': 10769}, {'name': \"\"Kinostudiya ''Mosfilm''\"\"",'id': 21275},{'name': 'Profilm','id': 22227},{'name': 'akvo',"'id': 77481}]\"","[{'iso_3166_1': 'GR', 'name': 'Greece'}, {'iso_3166_1': 'RU', 'name': 'Russia'}]",1998-11-15,0,138.0,[],Released
False,,0,"[{'id': 10751, 'name': 'Family'}, {'id': 18, 'name': 'Drama'}, {'id': 35, 'name': 'Comedy'}]",,461088,tt5689610,fa,۵۰ کیلو آلبالو,"When the corrupted groom starts shooting in the wedding ceremony, guests try to run away. Aida and Davoud accidentally end up in a car that crashes a police car. Aida lies to the inspector that Davoud is her husband and that's where the story begins.",0.034119,/1Z7EKbHjny8KhfDKx6sQBlXMT9s.jpg,[],"[{'iso_3166_1': 'IR', 'name': 'Iran'}]",2016-03-22,0,89.0,"[{'iso_639_1': 'fa', 'name': 'فارسی'}]",Released,,50 Kilos of Sour Cherry,True,0.0,0
False,,0,"[{'id': 35, 'name': 'Comedy'}, {'id': 16, 'name': 'Animation'}]",,67713,tt0028119,en,Popeye the Sailor Meets Sindbad the Sailor,"\"In \"\"Popeye Meets Sindbad (Bluto)","\"\" Popeye's perennial enemy almost outshines him. Bluto is in rare form",his rich,bass voice rendering with gusto a catchy tune. He is also charismatic as a comic relief. This cartoon gem,one of Popeye's best,"comes in vibrant colors thanks to having been digitally revamped.\"",0.978521,/cv8yUwFyP7rB3UuUdI1ibZlRhHh.jpg,"[{'name': 'Paramount Pictures', 'id': 4}, {'name': 'Fleischer Studios', 'id': 8302}]","[{'iso_3166_1': 'US', 'name': 'United States of America'}]",1936-11-27,0,16.0,"[{'iso_639_1': 'en', 'name': 'English'}]",Released
False,,0,"[{'id': 99, 'name': 'Documentary'}]",http://www.exhibitapictures.com,359749,tt4372240,en,78/52,78 shots. 52 cuts. The shower scene from PSYCHO.,2.488539,/mgxvMjVTCPVu2izLJjUqgs6bDWN.jpg,"[{'name': 'Exhibit A Pictures', 'id': 63267}]","[{'iso_3166_1': 'US', 'name': 'United States of America'}]",2017-11-03,0,91.0,"[{'iso_639_1': 'en', 'name': 'English'}]",Released,,78/52,False,0.0,4
False,"{'id': 417491, 'name': 'Bon Cop Bad Cop Collection', 'poster_path': None, 'backdrop_path': None}",0,"[{'id': 80, 'name': 'Crime'}, {'id': 35, 'name': 'Comedy'}, {'id': 28, 'name': 'Action'}]",http://bcbc2.ca/en/,417489,tt4738174,fr,Bon Cop Bad Cop 2,Ward and Bouchard must face an important car theft ring that turns out to be a lot more than they bargained for: one where the stolen cars will serve as bombs in a well planned terrorist attack.,7.580299,/qY4RGT6Ky1Z46BWaKohTlNp9ncU.jpg,"[{'name': 'Item 7', 'id': 7177}, {'name': 'Jessie Films', 'id': 68273}]","[{'iso_3166_1': 'CA', 'name': 'Canada'}]",2017-05-12,0,0.0,"[{'iso_639_1': 'en', 'name': 'English'}, {'iso_639_1': 'fr', 'name': 'Français'}]",Released,"It's okay America, we've got your back.",Bon Cop Bad Cop 2,False,6.8,5
False,,0,"[{'id': 18, 'name': 'Drama'}, {'id': 28, 'name': 'Action'}, {'id': 80, 'name': 'Crime'}]",http://junction48.com/,382751,tt5140182,en,Junction 48,"Set against a backdrop of the Israeli-Palestinian conflict, Palestinian rapper Kareem and his singer girlfriend Manar struggle, love and make music in their crime-ridden ghetto and Tel Aviv's hip-hop club scene.",0.233651,/dgFgIBBWklvezbs0wVo1zzFpv7D.jpg,[],[],2016-02-13,0,97.0,"[{'iso_639_1': 'ar', 'name': 'العربية'}, {'iso_639_1': 'he', 'name': 'עִבְרִית'}]",Released,,Junction 48,False,8.0,2
False,,0,"[{'id': 10402, 'name': 'Music'}, {'id': 18, 'name': 'Drama'}, {'id': 10749, 'name': 'Romance'}, {'id': 10770, 'name': 'TV Movie'}]",http://abc.go.com/shows/dirty-dancing,444902,tt5262792,en,Dirty Dancing,"\"Spending the summer at a Catskills resort with her family, Frances \"\"Baby\"\" Houseman falls in love with the camp's dance instructor",Johnny Castle,and nothing is ever the same for anyone in the Houseman family. Not only are the memorable songs from the original movie included,but there are additional songs from the era that will be featured,"showcasing double the number of musical performances by the stellar cast.\"",11.145052,/itjxxb8I1TfK1H3TGvrs5aJDM9a.jpg,"[{'name': 'Lionsgate Television', 'id': 28523}]","[{'iso_3166_1': 'US', 'name': 'United States of America'}]",2017-05-24,0,130.0,"[{'iso_639_1': 'en', 'name': 'English'}]",Released,A musical re-imagining
False,,0,[],,439314,,en,The Garden of Afflictions 2017,"Brazilian philosopher Olavo de Carvalho's thinking, presented through his presence, his daily work routine and his family life in Virginia (USA).",0.0,,[],[],,0,0.0,[],Released,,The Garden of Afflictions 2017,False,0.0,0
False,"{'id': 14246, 'name': 'Sniper Collection', 'poster_path': '/kbXbfY8DZWZmleuiBNxbfFencjp.jpg', 'backdrop_path': '/xmXnB27dZSp1SliHOyTio25P3Il.jpg'}",0,"[{'id': 18, 'name': 'Drama'}, {'id': 28, 'name': 'Action'}, {'id': 53, 'name': 'Thriller'}]",,14247,tt0408196,en,Sniper 3,"Master Gunnery Sergeant Thomas Beckett is the U.S. Marine Corps' most decorated sniper. His has taken out warlords, drug lords, assassins, and bitter foes. This time, he's going after a friend.",7.046943,/bEyOr4hVWVanjbYSLbGOWdRUCa0.jpg,"[{'name': 'Destination Films', 'id': 769}, {'name': 'Sandstorm Films', 'id': 2876}]","[{'iso_3166_1': 'US', 'name': 'United States of America'}]",2004-10-18,0,97.0,"[{'iso_639_1': 'en', 'name': 'English'}]",Released,,Sniper 3,False,5.2,28
False,,0,"[{'id': 99, 'name': 'Documentary'}, {'id': 10402, 'name': 'Music'}]",http://heartwornhighways.com/,76498,tt0405963,en,Heartworn Highways,"\"This film is about the \"\"outlaw\"\" country music movement of the 70s",when artists rejected the glossy,strings filled Nashville sound and made poignant,gritty music. Guy Clark,David Allen Coe,Charlie Daniels and more are featured. Townes Van Zandt really steals the show,though. Out in his ratty trailer he's shown drinking whiskey and shooting bb guns. He sits down in the kitchen and plays some songs for his girlfriend and his elderly black neighbor,"Uncle Seymour Washington (whose interactions with Townes are amazing) and plays some of the most amazing music you'll ever hear. There are also some great scenes of a little local ensemble playing in a bar. This is a must-see film for fans of Real Country Music™.\"",0.113782,/37l8QPM8F920t420D6VOgz6ptB6.jpg,"[{'name': 'Crimson Productions', 'id': 10220}]","[{'iso_3166_1': 'US', 'name': 'United States of America'}]",1976-05-01,0,92.0
False,,0,"[{'id': 99, 'name': 'Documentary'}]",http://www.americananarchistmovie.com/,413049,tt6032170,en,American Anarchist,"\"The story of one of the most infamous books ever written, \"\"The Anarchist Cookbook","\"\" and the role it's played in the life of its author",now 65,"who wrote it at 19 in the midst of the counterculture upheaval of the late '60s and early '70s.\"",1.172089,/a6chKH9EV1txdyElSd8dwAVbiu7.jpg,"[{'name': 'Bow and Arrow Entertainment', 'id': 37432}, {'name': 'Patna Pictures', 'id': 86453}]","[{'iso_3166_1': 'US', 'name': 'United States of America'}]",2016-09-02,0,80.0,"[{'iso_639_1': 'en', 'name': 'English'}]",Released,,American Anarchist
False,,0,"[{'id': 18, 'name': 'Drama'}]",,393945,tt5247544,fr,La fille de Brest,"In the hospital where she works in Brest, France, a lung specialist discovers a direct link between suspicious deaths and state-approved medicine. She fights single-handedly for the truth to come out.",1.730912,/2cg4gjNTJvrndIFYoJlrLQ6YYfn.jpg,"[{'name': 'France 2 Cinéma', 'id': 83}, {'name': 'Haut et Court', 'id': 726}]","[{'iso_3166_1': 'FR', 'name': 'France'}]",2016-11-18,0,128.0,"[{'iso_639_1': 'fr', 'name': 'Français'}]",Released,,150 Milligrams,False,7.4,20
False,,0,"[{'id': 99, 'name': 'Documentary'}]",,40544,tt0436358,en,Ghibli et le mystère Miyazaki,"\"Studio Ghibli is Japan's most successful animation studio, with helmers Hayao Miyazaki (\"\"Spirited Away","\"\" \"\"Howl's Moving Castle\"\") and Isao Takahata (\"\"My Neighbours the Yamadas\"\") creating a bonanza for producer/prexy Toshio Suzuki. Generously adorned with clips from their films and their influences",the docu follows Ghibli's arc from a mid-'60s rebellion against working conditions at Toei Co. to its present powerhouse position,complete with public fun park. All interviews are illuminating,"but Miyazaki is teasingly confined to pic's tete-a-tete finale with esteemed French comic artist Jean \"\"Moebius\"\" Giraud. Meeting of the wizened European","whose imprint is on films from \"\"Blade Runner\"\" to \"\"The Fifth Element","\"\" and the apparently relaxed Nipponese helmer makes an interesting contrast","and will be of special interest to Francophiles. All credits are impeccable\"",0.211469,/zmgZagROhrldkhimS8vpDMg6Ioz.jpg,[],"[{'iso_3166_1': 'FR', 'name': 'France'}]",2005-01-07,0,53.0
False,,0,"[{'id': 35, 'name': 'Comedy'}]",,26969,tt1172974,es,8 Citas,,0.422651,/2Me1bnbjOI0mMwqRgv5U6B4z8m0.jpg,"[{'name': 'Tesela P.C. / Impala', 'id': 63713}]","[{'iso_3166_1': 'ES', 'name': 'Spain'}]",2008-04-18,0,95.0,"[{'iso_639_1': 'es', 'name': 'Español'}]",Released,,8 Dates,False,2.0,1
False,,0,"[{'id': 18, 'name': 'Drama'}, {'id': 10769, 'name': 'Foreign'}]",,71576,tt0356446,es,Buenos Aires 100 KM,"A remote village 100 kilometers from the city of Buenos Aires. A place that dreams of the nation's capital. Stephen, Matías, Alejo, Damián and Guido were born 13 years ago in this small town. Have always been friends and together they share the monotonous summer afternoons sitting on the stoop of a women's hairdresser. Anxious, restless, impatient for a change, go through the most confusing period of experiment. The transition from childhood to adolescence. Appears curious about women and sexual awakening, accompanied by the rebellion against their parents and family mandates.",0.145419,/lBnNDiuQxjvg6XsFvJTuEYLLxIF.jpg,[],"[{'iso_3166_1': 'AR', 'name': 'Argentina'}]",2005-02-10,0,93.0,"[{'iso_639_1': 'es', 'name': 'Español'}]",Released,,Buenos Aires 100 KM,False,6.8,4
False,,0,"[{'id': 99, 'name': 'Documentary'}]",,153100,tt0447372,en,Portrait d'un homme 'à 60% parfait': Billy Wilder,Documentary on filmmaker Billy Wilder,0.270043,/wfJoGeTOfU1ZY7hUJCY5DKEZ8G0.jpg,[],[],1982-05-21,0,59.0,[],Released,,Portrait of a '60% Perfect Man': Billy Wilder,False,5.5,2
False,"{'id': 442352, 'name': 'Brice Collection', 'poster_path': '/onlFeg0Oa7A8z343YEYvx6RF48q.jpg', 'backdrop_path': '/8LYMiXf6w2LU6BbBfDf7NUAeQJ5.jpg'}",0,"[{'id': 35, 'name': 'Comedy'}]",,375798,tt5029602,fr,Brice 3,"\"Brice is back. The world has changed, but not him. When his best friend, Marius, calls for help, he goes on a wild adventure that will lead him to the other side of the world... Travel shapes youth but will he remain the king of the \"\"casse\"\" ?\"",7.276407,/d42seAYATQhh3y4GxFQkM46jHvq.jpg,"[{'name': 'Gaumont', 'id': 9}, {'name': 'M6 Films', 'id': 1115}, {'name': 'Mandarin Cinéma', 'id': 57294}, {'name': 'JD Prod', 'id': 71510}]","[{'iso_3166_1': 'FR', 'name': 'France'}]",2016-10-19,0,95.0,"[{'iso_639_1': 'fr', 'name': 'Français'}]",Released,,Brice 3,False,4.3,160
False,,0,"[{'id': 35, 'name': 'Comedy'}]",http://www.thankgodforjokes.com/,442087,tt6608034,en,Mike Birbiglia: Thank God for Jokes,"\"Mike Birbiglia declares that a joke should never end with \"\"I’m joking.\"\" In his all-new comedy",Birbiglia tiptoes hilariously through the minefield that is modern-day joke-telling. Join Mike as he learns that the same jokes that elicit laughter have the power to produce tears,rage,and a whole lot of getting yelled at. Ultimately it's a show that asks,"“How far should we go for the laugh?”\"",0.63551,/AdaXyz17blLIGBJ1KHoyodMycUi.jpg,"[{'name': 'Jax Media', 'id': 24021}, {'name': 'Netflix', 'id': 59811}, {'name': 'Secret Public Productions, Inc.', 'id': 87181}]","[{'iso_3166_1': 'US', 'name': 'United States of America'}]",2017-02-28,0,71.0,"[{'iso_639_1': 'en', 'name': 'English'}]",Released,
False,,0,"[{'id': 53, 'name': 'Thriller'}, {'id': 27, 'name': 'Horror'}]",http://en.wikipedia.org/wiki/3_A.M._(2014_film)#cite_note-1,298787,tt3720634,hi,3 बजे,"3 A.M. is a 2014 Hindi musical horror directed by Vishal Mahadkar, the film stars Rannvijay Singh, Anindita Nayar, Salil Acharya and Kavin Dave in lead roles.Amit sahani is an investment banker, single and ready to mingle. Mala is a free spirit who takes life as it comes.",0.353854,/82GBYEZZGSJa5Iv9ulJDwXovHNb.jpg,"[{'name': 'Vision Productions Ltd', 'id': 36123}, {'name': 'Handprint Pictures and Essel', 'id': 36124}]","[{'iso_3166_1': 'IN', 'name': 'India'}]",2014-09-26,0,0.0,"[{'iso_639_1': 'hi', 'name': 'हिन्दी'}]",Released,,3 A.M,False,2.7,3
False,,0,[],,353921,tt0238304,en,Inside Out 3,"\"Playboy does to softcore sex films what HBO's Tales from the Crypt did for horror. Contains the stories: \"\"Dogs Playing Poker\"\"; \"\"The Branding\"\"; \"\"The Portal\"\"; \"\"The Perfect Woman\"\"; \"\"Within Ten Minutes\"\"; \"\"Tango\"\"; \"\"The Houseguest\"\"; \"\"Cafe L'Amour\"\"; and \"\"The Wet Dream\"\".\"",0.75,/v0S1wr7E4c436d57hygZvDoeUvR.jpg,"[{'name': 'Propaganda Films', 'id': 278}]","[{'iso_3166_1': 'US', 'name': 'United States of America'}]",1992-09-16,0,93.0,[],Released,,Inside Out 3,False,0.0,0
False,,0,"[{'id': 99, 'name': 'Documentary'}]",http://24x36movie.com/,385305,tt5003654,en,24×36,"A documentary exploring the birth, death and resurrection of illustrated movie poster art. Through interviews with a number of key art personalities from the 70s and 80s, as well as many modern, alternative poster artists, “Twenty-Four by Thirty-Six” aims to answer the question: What happened to the illustrated movie poster? Where did it disappear to, and why? In the mid 2000s, filling the void left behind by Hollywood’s abandonment of illustrated movie posters, independent artists and galleries began selling limited edition, screenprinted posters — a movement that has quickly exploded into a booming industry with prints selling out online in seconds, inspiring Hollywood studios to take notice of illustration in movie posters once more.",0.397526,/3pGFlpDBsLv0p6KPQLl53HVTbJp.jpg,[],"[{'iso_3166_1': 'CA', 'name': 'Canada'}]",2016-03-05,0,81.0,"[{'iso_639_1': 'en', 'name': 'English'}]",Released,A movie about movie posters.,24×36,False,8.1,7
False,,0,"[{'id': 9648, 'name': 'Mystery'}, {'id': 878, 'name': 'Science Fiction'}]",,433711,tt3158690,en,All Superheroes Must Die 2: The Last Superhero,"In a no holds barred documentary, acclaimed journalist Vicky O'Neil sets out on a quest to uncover the truth behind the murder of small town sweetheart Ally Andrews. What she uncovers, leads her down a dark and twisted rabbit hole into the world of superheroes where she gets the chance of a lifetime, an exclusive interview with Charge, the world's Last Superhero. As he chronicles his mysterious origins and bloody career, Vicky begins to wonder, is he still the hero the world remembers, or has he become the villain we all should fear?",0.00022,/pNYyE030HIwPrENEWI8f4HPIkZo.jpg,[],[],,0,74.0,"[{'iso_639_1': 'en', 'name': 'English'}]",Released,,All Superheroes Must Die 2: The Last Superhero,False,4.0,1
False,,0,"[{'id': 99, 'name': 'Documentary'}]",http://www.crossfit.com,438665,tt6491170,en,Fittest On Earth: A Decade Of Fitness,"\"The 2016 Reebok CrossFit Games were a grueling five-day, 15-event test to find the fittest man and woman on Earth. \"\"Fittest on Earth: A Decade of Fitness\"\" follows the dramatic story of the top athletes who qualified and competed and offers an inside look at what it takes to be among the world's elite athletes",both in training and on the competition floor. The CrossFit Games challenge competitors to perform intense physical tasks,but the hardest part is sometimes mental. Athletes often learn the details of the events only minutes before they begin,"and everyone handles the pressure differently. Which of these fierce competitors will rise to the top and earn the title of Fittest on Earth?\"",0.867259,/fH5U8Rgql5UkDkkkRDNmuymzDhV.jpg,"[{'name': 'Gravitas Ventures', 'id': 44632}]","[{'iso_3166_1': 'US', 'name': 'United States of America'}]",2017-02-01,0,116.0,"[{'iso_639_1': 'en', 'name': 'English'}]",Released,Fittest On Earth: A Decade Of Fitness,Fittest On Earth: A Decade Of Fitness
False,,0,"[{'id': 53, 'name': 'Thriller'}]",,437830,tt6194850,en,Zero 3,Lithuanian politics Tarantino style,0.184337,/cCHmWzpAivIpxDh2YgP9fKzx6CA.jpg,[],[],2017-01-27,0,90.0,[],Released,,Zero 3,False,8.7,3
False,,0,"[{'id': 99, 'name': 'Documentary'}, {'id': 10402, 'name': 'Music'}]",,128571,tt1678050,en,Cure for Pain: The Mark Sandman Story,"\"Gatling Pictures' \"\"Cure for Pain: The Mark Sandman Story\"\" examines the life and work of Mark Sandman","deceased frontman of Boston \"\"low rock\"\" band Morphine. From his Newton",Mass.,roots to his travels across America and around the globe,"Sandman left an indelible imprint as one of the most distinctive musicians of his generation. Along with revisiting the \"\"unique and sultry sound\"\" of his music",the film explores the meaning of family through this critically praised and personally conflicted singer,"songwriter and innovative instrumentalist.\"",0.184134,/dxxuln39XWoUIOCo80tLfQCA5gf.jpg,[],"[{'iso_3166_1': 'US', 'name': 'United States of America'}]",2011-04-29,0,85.0,"[{'iso_639_1': 'en', 'name': 'English'}]"
False,,0,"[{'id': 99, 'name': 'Documentary'}]",,429039,tt5984026,fr,"Jean Ziegler, l'optimisme de la volonté","\"In 1964, Che Guevara asked the young Jean Ziegler to stay in Switzerland to fight in the \"\"Monster brain\"\" capitalist. Since then",Jean Ziegler nerve stops fighting against injustices as a public writer,a speaker and as a Kofi Annan collaborator. During a trip to Cuba,"his ideas are challenged by what he discover on the island.\"",0.087452,/miBb3nqT5F0ruLtZeHLV9pf9363.jpg,"[{'name': 'Dreampixies', 'id': 72339}]","[{'iso_3166_1': 'CH', 'name': 'Switzerland'}]",2016-11-23,0,0.0,"[{'iso_639_1': 'en', 'name': 'English'}]",Released,,"Jean Ziegler, l'optimisme de la volonté"
False,"{'id': 304809, 'name': 'Schoolgirl Report Collection', 'poster_path': '/pLlG1Vi4mQ8ETJ7bgiy3fdUMf2e.jpg', 'backdrop_path': '/mumLauzMKQCivPQANhCDnkF8ZlN.jpg'}",0,"[{'id': 18, 'name': 'Drama'}, {'id': 10749, 'name': 'Romance'}]",,70609,tt0070649,de,Schulmädchen-Report 5. Teil: Was Eltern wirklich wissen sollten,Seven more first-hand accounts of sexual awakening amongst school girls in the early Seventies.,3.484932,/hI2QQ6ebLijoXXenhd6r4dajZD6.jpg,[],"[{'iso_3166_1': 'DE', 'name': 'Germany'}]",1973-04-13,0,86.0,"[{'iso_639_1': 'de', 'name': 'Deutsch'}]",Released,"Young, Willing and Oh So Eager to Please!",Schoolgirl Report Part 5: What All Parents Should Know,False,6.3,6
False,"{'id': 304809, 'name': 'Schoolgirl Report Collection', 'poster_path': '/pLlG1Vi4mQ8ETJ7bgiy3fdUMf2e.jpg', 'backdrop_path': '/mumLauzMKQCivPQANhCDnkF8ZlN.jpg'}",0,"[{'id': 35, 'name': 'Comedy'}, {'id': 18, 'name': 'Drama'}]",,36886,tt0069234,de,Schulmädchen-Report 4. Teil: Was Eltern oft verzweifeln läßt,A fake documentary about the sex lives of teenage girls.,2.198993,/70CR0nx8bMSq36Y5mgUsadBlNS1.jpg,"[{'name': 'Rapid Film', 'id': 12782}]","[{'iso_3166_1': 'DE', 'name': 'Germany'}]",1972-09-28,0,88.0,"[{'iso_639_1': 'de', 'name': 'Deutsch'}]",Released,Straight A's all the way ... But not in the classroom!,Schoolgirl Report Part 4: What Drives Parents to Despair,False,4.9,4
False,"{'id': 304809, 'name': 'Schoolgirl Report Collection', 'poster_path': '/pLlG1Vi4mQ8ETJ7bgiy3fdUMf2e.jpg', 'backdrop_path': '/mumLauzMKQCivPQANhCDnkF8ZlN.jpg'}",0,"[{'id': 18, 'name': 'Drama'}]",,36887,tt0067717,de,Der neue Schulmädchen-Report 2. Teil: Was Eltern den Schlaf raubt,"\"After the big success of the first part the film-makers apparently felt pressured to launch a new \"\"investigation\"\" and gather new material. Therefore",Friedrich von Thun again ventures out into the streets,this time of Berlin,to ask schoolgirls about their sexual experiences. The invinted guests talk about (allegedly) true events. Schoolgirls that seduce their teachers,"runaway girls that have been robbed and who have to prostitute themselves or innocent girls that have been drugged and raped...\"",1.923782,/i487MB1LLZGt7pvIkqvaD6FAess.jpg,"[{'name': 'Rapid Film', 'id': 12782}]","[{'iso_3166_1': 'DE', 'name': 'Germany'}]",1971-08-26,0,91.0,"[{'iso_639_1': 'de', 'name': 'Deutsch'}]",Released,
False,"{'id': 304809, 'name': 'Schoolgirl Report Collection', 'poster_path': '/pLlG1Vi4mQ8ETJ7bgiy3fdUMf2e.jpg', 'backdrop_path': '/mumLauzMKQCivPQANhCDnkF8ZlN.jpg'}",0,"[{'id': 35, 'name': 'Comedy'}, {'id': 18, 'name': 'Drama'}]",,36885,tt0069233,de,Schulmädchen-Report 3. Teil: Was Eltern nicht mal ahnen,A group of teenage girls at camp discuss their various sexual escapades while they read a new journal about sex has been published to help teenagers understand the consequences of sex.,2.110381,/xK5JZrHygzEECV6XwjCSWhjvjCc.jpg,"[{'name': 'Rapid Film', 'id': 12782}]","[{'iso_3166_1': 'DE', 'name': 'Germany'}]",1972-02-17,0,97.0,"[{'iso_639_1': 'de', 'name': 'Deutsch'}]",Released,,Schoolgirl Report Part 3: What Parents Find Unthinkable,False,4.4,6
False,,0,"[{'id': 99, 'name': 'Documentary'}]",http://channel.nationalgeographic.com/la-92/,450875,tt6794424,en,LA 92,"Twenty-five years after the verdict in the Rodney King trial sparked several days of protests, violence and looting in Los Angeles, LA 92 immerses viewers in that tumultuous period through stunning and rarely seen archival footage.",0.855198,/oT7OmkAoVnYDa8XbGipCEj6PVmN.jpg,"[{'name': 'National Geographic', 'id': 7521}]","[{'iso_3166_1': 'US', 'name': 'United States of America'}]",2017-04-28,0,114.0,"[{'iso_639_1': 'en', 'name': 'English'}]",Released,The past is prologue,LA 92,False,8.8,3
False,"{'id': 466463, 'name': 'Descendants Collection', 'poster_path': '/dw02BxDYnmqW4h0t0qA0T3hd5MZ.jpg', 'backdrop_path': None}",0,"[{'id': 10770, 'name': 'TV Movie'}, {'id': 10751, 'name': 'Family'}, {'id': 28, 'name': 'Action'}, {'id': 35, 'name': 'Comedy'}, {'id': 10402, 'name': 'Music'}, {'id': 12, 'name': 'Adventure'}]",,417320,tt5117876,en,Descendants 2,"When the pressure to be royal becomes too much for Mal, she returns to the Isle of the Lost where her archenemy Uma, Ursula's daughter, has taken her spot as self-proclaimed queen.",15.842073,/7TLywOVzWwU1GMyqdjUiSVzBiyc.jpg,"[{'name': 'Walt Disney Television', 'id': 670}]","[{'iso_3166_1': 'US', 'name': 'United States of America'}]",2017-07-21,0,111.0,"[{'iso_639_1': 'da', 'name': 'Dansk'}]",Released,Long live evil.,Descendants 2,False,7.5,171
False,,0,"[{'id': 18, 'name': 'Drama'}]",,206277,tt2636806,en,Shirley: Visions of Reality,"\"A series of snapshots from the life of a fictional actress named Shirley serves to weave together thirteen paintings by Edward Hopper (e.g. \"\"Office at Night\"\"","\"\"Western Motel\"\"","\"\"Usherette\"\"","\"\"A Woman in the Sun\"\") into a fascinating synthesis of painting and film",personal and political history. Each station in Shirley’s professional and private life from the 1930s to 1960s is precisely dated: It is always August 28/29 of the year in question,"as the locations vary from Paris to New York to Cape Cod.\"",0.967131,/xrWsKakRlkpebrOwiwXZVIg5MGR.jpg,"[{'name': 'KGP Kranzelbinder Gabriele Production', 'id': 20693}]","[{'iso_3166_1': 'AT', 'name': 'Austria'}]",2013-12-26,0,93.0,"[{'iso_639_1': 'en', 'name': 'English'}]",Released
False,,0,"[{'id': 35, 'name': 'Comedy'}, {'id': 16, 'name': 'Animation'}]",,38876,tt1487280,en,"Włatcy móch. Ćmoki, Czopki i Mondzioły","\"Klasa II B jako zadanie domowe otrzymuje do napisania wypracowanie pod tytułem: \"\"Kim zostanę","gdy dorosnę\"\". Anusiak",Konieczko,Maślana i Czesio cały wieczór spędzają więc na przelewaniu na papier swych marzeń. Następnego dnia rano,dumnie niosąc swe wypracowania,przechodzą obok przybytku Wróźki Jowity. Jest to doskonały sposób by sprawdzić,czy ich marzenia się spełnią. Czwórka przyjaciół przenosi się więc w czasie o trzydzieści lat naprzód. Widzą siebie,"jako dorosłych.\"",0.008064,/tee3vtIWFQhsKvKJmGtdw2E5eXn.jpg,[],"[{'iso_3166_1': 'PL', 'name': 'Poland'}]",2009-02-13,0,0.0
False,,0,"[{'id': 10402, 'name': 'Music'}, {'id': 99, 'name': 'Documentary'}]",,180244,tt1508374,en,We Don't Care About Music Anyway,"\"From radical turntablism (Otomo Yoshihide) to laptop music innovation (Numb), via classical instrument hijacking (Sakamoto Hiromichi), Tokyo's avant-garde music scene is internationally known for its boldness.  While introducing some of the greatest musicians of this scene, \"\"We Don't Care About Music Anyway...\"\" offers a kaleidoscopic view of Tokyo",confronting music and noise,sound and image,reality and representation,"documentary and fiction.\"",0.1654,/3ar1Z0bWgs5pmGtzL11gDw8sLER.jpg,[],[],2009-09-09,0,80.0,"[{'iso_639_1': 'ja', 'name': '日本語'}]",Released,
False,,0,"[{'id': 35, 'name': 'Comedy'}, {'id': 18, 'name': 'Drama'}]",,43656,tt0276744,en,13 Moons,Can you solve the mystery of the 13 moons?,2.407001,/k9jvqeXtc5AARclaBdvrcq7iSbk.jpg,[],[],2002-08-30,0,93.0,"[{'iso_639_1': 'en', 'name': 'English'}]",Released,,13 Moons,False,5.8,4
False,,0,"[{'id': 53, 'name': 'Thriller'}, {'id': 878, 'name': 'Science Fiction'}]",,183088,tt0100130,en,Megaville,"\"In the future, national boundaries have been broken down and two giant super-states remain—the bleak, oppressive, and totalitarian \"\"Hemisphere","\"\" and the sprawling and futuristic \"\"Megaville.\"\" Megaville has an elected president",but the entire system is rife with corruption. All forms of media are encouraged in Megaville,but this freedom has aided moral decay with the distribution of pornography and violent movies. Outside Megaville lies the Hemisphere; whereas Megaville is clean and ordered,"the Hemisphere is in a state of decay. Travel from the Hemisphere to Megaville is restricted with few exceptions to the powerful. An outwardly totalitarian regime governs the daily life of civilians in the Hemisphere and the people live in fear of the \"\"CKS\"\" (the secret police). All forms of media are illegal in the Hemisphere.  CC wikipedia.org\"",0.905762,/k75xJfQYhF8UNuPmO57EW3xX1Pl.jpg,[],"[{'iso_3166_1': 'US', 'name': 'United States of America'}]",1990-01-22,0,95.0,"[{'iso_639_1': 'en', 'name': 'English'}]",Released,Big city. Big bucks. Big trouble.
False,,0,"[{'id': 35, 'name': 'Comedy'}]",,430365,tt5804948,fr,À bras ouverts,"\"Jean-Étienne Fougerole is an intellectual bohemian who released his new novel \"\"In Open Arms\"\" and calling the wealthiest people to welcome home the families in need. While he promotes his book during a televised debate",his opponent criticized him for not applying what he himself advocates. While stuck,Jean-Étienne Fougerole accepts the challenge,for fear of being discredited. The same evening,"a family of Roma rings the door of his Marnes-la-Coquette villa and the writer feels obliged to house them.\"",7.250495,/zpWrwPzdLi46XP6nG97FABNyF9W.jpg,"[{'name': 'M6 Films', 'id': 1115}, {'name': 'SND', 'id': 2902}, {'name': 'Canal+', 'id': 5358}, {'name': 'Caméra One', 'id': 6454}, {'name': 'Nexus Factory', 'id': 7561}, {'name': 'Ouille Productions', 'id': 9053}, {'name': 'Ciné+', 'id': 10611}, {'name': 'Umedia', 'id': 19037}, {'name': 'Pulsar Productions', 'id': 23497}, {'name': 'W9', 'id': 34774}]","[{'iso_3166_1': 'FR', 'name': 'France'}]",2017-04-05,0,92.0,"[{'iso_639_1': 'en', 'name': 'English'}, {'iso_639_1': 'fr', 'name': 'Français'}, {'iso_639_1': 'ru', 'name': 'Pусский'}]",Released,Thanks for the invitation!
False,,0,"[{'id': 27, 'name': 'Horror'}]",,43585,tt1046930,en,Headless Horseman,"\"Seven college kids take a shortcut on their way to a party and unfortunately end up in Wormwood – a \"\"lost\"\" town in the middle of nowhere. They find something strange and sinister happening there – bones and weird decorations line Main Street. The cause: local Wormwood legend says on All Hallows Eve one hundred years ago",a crazed man tortured the youngsters in town and then cut off their heads. In retaliation,the townspeople killed him by cutting off his head. Seeking revenge every seven years,"he returns and takes seven heads from children in the town. Now the seven visitors find themselves hunted one by one as the Headless Horseman claims his due.\"",0.54312,/jr8O284MA9KZghZUD1TXWVhgT63.jpg,"[{'name': 'Castel Film Romania', 'id': 1370}, {'name': 'Active Entertainment', 'id': 10345}]","[{'iso_3166_1': 'RO', 'name': 'Romania'}, {'iso_3166_1': 'US', 'name': 'United States of America'}]",2007-10-27,0,87.0,"[{'iso_639_1': 'en', 'name': 'English'}]",Released,The Final Cut,Headless Horseman
False,,7500000,"[{'id': 27, 'name': 'Horror'}, {'id': 35, 'name': 'Comedy'}, {'id': 9648, 'name': 'Mystery'}]",,39164,tt0085693,en,House of the Long Shadows,"\"An American writer goes to a remote Welsh manor on a $20,000 bet: can he write a classic novel like \"\"Wuthering Heights\"\" in twenty-four hours? Upon his arrival",however,the writer discovers that the manor,thought empty,actually has several,rather odd,"inhabitants.\"",1.185515,/uKi7gtXhqjR2uCOQsJ8KuuM7lsT.jpg,"[{'name': 'London-Cannon Films', 'id': 6231}]","[{'iso_3166_1': 'GB', 'name': 'United Kingdom'}]",1983-06-17,0,100.0,"[{'iso_639_1': 'en', 'name': 'English'}]"
False,,2,[],,227143,tt2401213,uk,Іван Сила,"\"\"\"Strong Ivan\"\" is a film telling an outstanding life story of Ivan Firtsak who was born in June",1899 in a Ukrainian village Bilky,Irshava district in Zakarpattia Oblast. At the age of 18 he became a performer with a Czechoslovak circus and travelled to 64 countries of the world,astonishing everybody with his victories. He was a weightlifting champion of Czechoslovakia,"a bodybuilding champion of Europe. He earned the nickname Strong Ivan Croton for his incredible strength. Ivan Firtsak won a great number of single combats with famous wrestlers of the world. From hands of the Queen of England he received a helmet and a belt decorated with cold and diamonds. American press called him the strongest man of the XX century. In 1937 in the prime of his fame he came back to the homeland.\"",0.067263,/A1HSEPyFjgtjy9WyXIak3v7pdEx.jpg,[],[],2013-10-02,0,80.0,"[{'iso_639_1': 'uk', 'name': 'Український'}]",Released,
False,,0,"[{'id': 27, 'name': 'Horror'}, {'id': 53, 'name': 'Thriller'}, {'id': 9648, 'name': 'Mystery'}]",,264269,tt2400314,ru,Vladeniye 18,"Sveta and Maxim, a happy newlyweds, are moving to their hew apartment only to discover that there is something mysterious and wrong about their new building.",0.217441,/aU51pWVHtLVsFOJA88Gp7F5l1CY.jpg,"[{'name': 'Lyuksor', 'id': 21946}]","[{'iso_3166_1': 'RU', 'name': 'Russia'}]",2014-03-13,320395,90.0,"[{'iso_639_1': 'ru', 'name': 'Pусский'}]",Released,,Apartment 18,False,4.4,4
False,,0,[],,149946,tt1002760,ru,Два в одном,"\"This celebrated director's \"\"exquisite cruelty\"\" appears front and center when the death of a stage actor turns a theatrical drama into a real one. Two in One's two parts","\"\"Stagehands\"\" and \"\"Woman of a Lifetime","\"\" celebrate the psychological richness that lurks just beneath the surface of banal reality--if murderous stagehands","lascivious fathers and vengeful daughters can be described as banal.\"",0.038832,/oRGFr0ZMeE3owOAq3dzf89fDyBM.jpg,[],[],2007-11-27,0,124.0,"[{'iso_639_1': 'ru', 'name': 'Pусский'}]",Released,,Two in One
False,,0,"[{'id': 18, 'name': 'Drama'}, {'id': 36, 'name': 'History'}, {'id': 9648, 'name': 'Mystery'}]",,240789,tt1197626,ru,Чудо,"\"The film is based on real events that took place in Samara in 1956 and known as the \"\"Standing Zoe.\"\" During the holiday girl",without waiting her betrothed,removes the icon from the wall and Nicholas begins to dance with her,but suddenly freezes in place. This state continues for many months. Residents of the provincial town are frightened by this extraordinary event,which is cluttered with rumors and speculation. To try to understand the situation,"there goes metropolitan newspaper journalist ...\"",0.436028,/AjXZQPdV5PUibMqVPXVFCZ4VK4N.jpg,"[{'name': 'Central Partnership', 'id': 9342}, {'name': 'Amkart Studios', 'id': 15754}, {'name': 'Russian Ministry of Culture', 'id': 15755}]","[{'iso_3166_1': 'RU', 'name': 'Russia'}]",2009-10-09,50656,110.0,"[{'iso_639_1': 'ru', 'name': 'Pусский'}]",Released
False,,0,"[{'id': 99, 'name': 'Documentary'}]",,75608,tt0059091,en,Dead Birds,"\"The film's title is borrowed from a Dani fable that Gardner recounts in voice-over. The Dani people, whom Gardner identifies mysteriously as \"\"a mountain people","\"\" believe that there was once a great race between a bird and a snake",which was to determine the lives of human beings. Should men shed their skins and live forever like snakes,or die like birds? The bird won the race,dictating that man must die. The film's plot revolves around two characters,"Weyak and Pua. Weyak is a warrior who guards the frontier between the land of his tribe and that of the neighboring tribe. Pua is a young boy whom Gardner depicts as weak and inept.\"",0.072811,/2kmV6YUooIwzrfxHqGGuFHtk96u.jpg,"[{'name': 'Peabody Museum', 'id': 79427}]","[{'iso_3166_1': 'US', 'name': 'United States of America'}]",1963-10-01,0,84.0,"[{'iso_639_1': 'en', 'name': 'English'}]",Released
False,,0,"[{'id': 14, 'name': 'Fantasy'}, {'id': 35, 'name': 'Comedy'}, {'id': 10749, 'name': 'Romance'}, {'id': 18, 'name': 'Drama'}]",,143117,tt0097062,ru,"Chyornaya Roza - Emblema Pechali, Krasnaya Roza - Emblema Lyubvi","\"The story happens mainly around \"\"The Old Arbat Street\"\" in the center of Moscow",where always concentrate vendors,poor young artists and musicians. The hero of this film is a boy named Mitiya,"who lives with eccentric elder friend in an apartment house on \"\"The Old Arbat\"\". In fact",people who then appear around Mitiya are all unique,"eccentric and the space of the apartment house begins to have an unrealistic character as a miniature of unstable society in the end of Soviet Union.\"",0.630944,/sQWV6lKyOGHt8LarGaMQokW827j.jpg,"[{'name': 'Mosfilm', 'id': 5120}]","[{'iso_3166_1': 'RU', 'name': 'Russia'}]",1989-02-03,0,139.0,"[{'iso_639_1': 'ru', 'name': 'Pусский'}]",Released
False,,0,"[{'id': 27, 'name': 'Horror'}]",,289923,tt0252966,en,The Burkittsville 7,"A film archivist revisits the story of Rustin Parr, a hermit thought to have murdered seven children while under the possession of the Blair Witch.",0.38645,/lXtoHVdej6kS1Dc7KAhw05sMos9.jpg,"[{'name': 'Neptune Salad Entertainment', 'id': 27570}, {'name': 'Pirie Productions', 'id': 27571}]","[{'iso_3166_1': 'US', 'name': 'United States of America'}]",2000-10-03,0,30.0,"[{'iso_639_1': 'en', 'name': 'English'}]",Released,"\"Do you know what happened 50 years before \"\"The Blair Witch Project\"\"?\"",The Burkittsville 7,False,7.0,1
False,,0,"[{'id': 878, 'name': 'Science Fiction'}]",,222848,tt0112613,en,Caged Heat 3000,"\"It's the year 3000 AD. The world's most dangerous women are banished to a remote asteroid 45 million light years from earth. Kira Murphy doesn't belong; wrongfully accused of a crime she did not commit, she's thrown in this interplanetary prison and left to her own defenses. But Kira's a fighter, and soon she finds herself in the middle of a female gang war; where everyone wants a piece of the action... and a piece of her! \"\"Caged Heat 3000\"\" takes the Women-in-Prison genre to a whole new level... and a whole new galaxy!\"",0.661558,/4lF9LH0b0Z1X94xGK9IOzqEW6k1.jpg,"[{'name': 'Concorde-New Horizons', 'id': 4688}]","[{'iso_3166_1': 'US', 'name': 'United States of America'}]",1995-01-01,0,85.0,"[{'iso_639_1': 'en', 'name': 'English'}]",Released,,Caged Heat 3000,False,3.5,1
